employee_id,employee_name,department,age,salary,attrition,experience_years
1000,Employee 1,Marketing,32,86000,No,12.2
1001,Employee 2,Marketing,41,74000,No,8.2
1002,Employee 3,Finance,39,138000,No,10.7
1003,Employee 4,Finance,32,-72000,No,1.8
1004,Employee 5,Sales,33,60000,Yes,0.4
1005,Employee 6,Operations,56,77000,Yes,12.1
1006,Employee 7,Sales,56,108000,No,1.0
1007,Employee 8,Marketing,46,122000,Yes,7.9
1008,Employee 9, sales ,47,39000,No,14.6
1009,Employee 10,HR,25,89000,No,1.9
1010,Employee 11,Marketing,56,105000,No,11.5
1011,Employee 12,HR,thirty,94000,No,12.5
1012,Employee 13,Sales,54,68000,No,2.4
1013,Employee 14,Finance,35,96000,No,12.7
1014,Employee 15,Sales,37,111000,No,1.9
1015,Employee 16,Operations,40,98000,No,7.5
1016,Employee 17,Operations,31,104000,No,2.6
1017,Employee 18,Operations,42,35000,No,1.2
1018,Employee 19,Finance,57,113000,No,11.5
1019,Employee 20,Operations,47,111000,No,7.5
1019,Employee 20,Operations,47,111000,No,7.5
1021,Employee 22,Finance,46,88000,No,10.3
1022,Employee 23,HR,31,83000,Yes,7.0
1023,Employee 24,Operations,42,48000,No,12.9
1024,Employee 25,Marketing,41,140000,No,14.6
1025,Employee 26,Finance,29,95000,No,4.8
1026,Employee 27,Engineering,50,64000,Yes,3.7
1027,Employee 28,Engineering,27,67000,Yes,13.0
1028,Employee 29,Sales,47,140000,No,12.2
1029,Employee 30,Marketing,57,70000,No,11.4
1030,Employee 31,Operations,52,89000,Yes,13.2
1031,Employee 32,Engineering,52,41000,Yes,7.6
1032,Employee 33,Sales,36,104000,No,0.7
1033,Employee 34,HR,39,106000,Yes,4.3
1034,Employee 35,Engineering,21,85000,No,13.2
1035,Employee 36,HR,44,76000,No,6.0
1036,Employee 37,Operations,57,54000,No,8.3
1037,Employee 38,HR,25,94000,Yes,11.5
1038,Employee 39,Operations,38,117000,No,1.9
1039,Employee 40,HR,27,77000,No,8.4
1040,Employee 41,Sales,44,55000,Yes,7.5
1041,Employee 42,Engineering,23,47000,No,12.1
1042,Employee 43,HR,54,49000,No,4.9
1043,Employee 44,Sales,41,80000,No,8.9
1044,Employee 45,Operations,53,98000,Yes,10.6
1045,Employee 46,HR,40,134000,No,5.5
1046,Employee 47,HR,28,104000,No,12.0
1047,Employee 48,Operations,22,90000,No,14.5
1048,Employee 49,Operations,58,59000,No,8.8
1049,Employee 50,Operations,31,110000,Yes,2.2
1050,Employee 51,Engineering,36,103000,No,2.9
1051,Employee 52,Finance,49,83000,No,6.2
1052,Employee 53,HR,34,94000,Yes,13.1
1053,Employee 54,Marketing,24,47000,No,8.4
1054,Employee 55,Operations,51,78000,No,14.4
1055,Employee 56,Operations,50,73000,No,10.1
1056,Employee 57,Operations,37,91000,No,14.4
1057,Employee 58,Operations,38,68000,No,14.1
1058,Employee 59,Finance,40,120000,No,10.4
1059,Employee 60,Finance,52,91000,No,8.4
1060,Employee 61,Finance,38,45000,Yes,13.4
1061,Employee 62,Finance,46,128000,No,4.4
1062,Employee 63,Marketing,39,40000,No,13.9
1063,Employee 64,Marketing,37,91000,No,3.0
1064,Employee 65,Finance,55,101000,No,2.1
1065,Employee 66,Sales,58,61000,No,10.0
1066,Employee 67,Sales,54,111000,No,0.8
1067,Employee 68,Finance,47,121000,Yes,1.5
1068,Employee 69,Engineering,29,100000,No,6.1
1069,Employee 70,HR,51,113000,No,11.3
1070,Employee 71,Finance,39,66000,No,13.6
1071,Employee 72,Marketing,26,103000,No,8.0
1072,Employee 73,Sales,23,83000,No,14.0
1073,Employee 74,HR,23,130000,Yes,2.8
1074,Employee 75,Engineering,39,31000,No,8.5
1075,Employee 76,Finance,27,66000,Yes,14.8
1076,Employee 77,Operations,55,93000,No,12.8
1077,Employee 78,Finance,50,54000,No,5.0
1078,Employee 79,Marketing,50,62000,No,0.2
1079,Employee 80,Finance,42,102000,No,2.6
1080,Employee 81,HR,46,95000,No,1.3
1081,Employee 82,Sales,27,47000,Yes,4.9
1082,Employee 83,Engineering,36,63000,Yes,3.5
1083,Employee 84,Finance,38,68000,No,3.9
1084,Employee 85,Marketing,44,60000,No,10.0
1085,Employee 86,Finance,50,50000,Yes,10.3
1086,Employee 87,Marketing,40,45000,No,5.5
1087,Employee 88,Sales,35,47000,Yes,2.3
1088,Employee 89,HR,44,119000,Yes,11.4
1089,Employee 90,Sales,34,117000,No,7.9
1090,Employee 91,Marketing,54,76000,No,13.8
1091,Employee 92,Engineering,28,136000,No,8.6
1092,Employee 93,Sales,30,71000,Yes,1.7
1093,Employee 94,Marketing,34,104000,Yes,1.4
1094,Employee 95,HR,53,133000,No,6.8
1095,Employee 96,HR,53,88000,No,8.4
1096,Employee 97,Marketing,40,32000,Yes,3.8
1097,Employee 98,Marketing,21,57000,No,0.7
1098,Employee 99,Marketing,43,38000,No,14.0
1099,Employee 100,HR,25,34000,No,6.1
1100,Employee 101,Marketing,29,123000,Yes,5.6
1101,Employee 102,HR,45,78000,Yes,1.2
1102,Employee 103,Sales,55,113000,No,1.8
1103,Employee 104,HR,55,97000,No,10.9
1104,Employee 105,Engineering,35,126000,No,14.7
1105,Employee 106,Marketing,50,122000,Yes,8.0
1106,Employee 107,Sales,35,88000,No,2.3
1107,Employee 108,Marketing,33,127000,No,0.5
1108,Employee 109,Operations,47,128000,No,3.6
1109,Employee 110,Engineering,25,106000,No,6.7
1110,Employee 111,Sales,24,124000,No,6.0
1111,Employee 112,Operations,35,57000,No,2.1
1112,Employee 113,Sales,39,134000,No,8.7
1113,Employee 114,Sales,41,68000,No,14.8
1114,Employee 115,Sales,54,82000,No,4.1
1115,Employee 116,Operations,56,124000,No,9.4
1116,Employee 117,Operations,48,93000,No,14.6
1117,Employee 118,Operations,45,70000,Yes,6.1
1118,Employee 119,HR,40,53000,Yes,3.6
1119,Employee 120,Finance,35,139000,No,12.1
1120,Employee 121,Operations,24,82000,Yes,8.4
1121,Employee 122,HR,29,61000,No,3.1
1122,Employee 123,HR,26,138000,No,1.4
1123,Employee 124,Engineering,33,64000,Yes,10.1
1124,Employee 125,Engineering,23,54000,No,7.2
1125,Employee 126,Finance,42,31000,No,14.1
1126,Employee 127,Marketing,28,126000,Yes,13.7
1127,Employee 128,HR,34,60000,No,11.6
1128,Employee 129,HR,45,98000,No,4.6
1129,Employee 130,Operations,44,93000,Yes,1.5
1130,Employee 131,Finance,51,56000,No,4.7
1131,Employee 132,Operations,23,140000,No,11.1
1132,Employee 133,Finance,22,100000,Yes,4.4
1133,Employee 134,Finance,33,59000,Yes,8.5
1134,Employee 135,HR,36,100000,No,3.9
1135,Employee 136,Marketing,52,112000,Yes,6.9
1136,Employee 137,Sales,43,47000,Yes,2.8
1137,Employee 138,Marketing,55,37000,No,12.6
1138,Employee 139,Marketing,25,36000,No,6.2
1139,Employee 140,Engineering,35,120000,No,0.1
1140,Employee 141,HR,53,77000,No,9.3
1141,Employee 142,Marketing,51,92000,No,0.1
1142,Employee 143,HR,56,31000,No,7.9
1143,Employee 144,Operations,38,66000,No,7.5
1144,Employee 145,Sales,48,43000,No,7.9
1145,Employee 146,Sales,36,109000,No,12.2
1146,Employee 147,HR,38,40000,No,14.4
1147,Employee 148,Operations,50,61000,No,4.5
1148,Employee 149,Marketing,26,139000,No,1.4
1149,Employee 150,HR,45,100000,Yes,0.8
1150,Employee 151,Marketing,21,51000,No,7.5
1151,Employee 152,Marketing,48,130000,No,8.5
1152,Employee 153,Operations,27,35000,No,3.2
1153,Employee 154,HR,57,64000,No,13.9
1154,Employee 155,Operations,38,102000,No,2.7
1155,Employee 156,Engineering,41,56000,No,11.3
1156,Employee 157,Engineering,46,68000,No,8.5
1157,Employee 158,HR,57,116000,No,5.8
1158,Employee 159,Marketing,29,122000,No,7.5
1159,Employee 160,Engineering,43,42000,Yes,3.5
