date,channel,budget_spent,clicks,conversions,cost_per_conversion
2026-01-20,Organic,2460.16,426,66.0,37.28
2026-03-25,Google Ads,2573.08,481,40.0,64.33
2026-04-02,LinkedIn,3770.46,462,17.0,221.79
2026-05-30,Referral,434.21,322,42.0,10.34
2026-07-02,Google Ads,419.95,177,12.0,35.0
2026-07-20,google ads ,2984.66,344,22.0,135.67
2026-01-24,Google Ads,3777.54,475,30.0,125.92
2026-03-11,Google Ads,616.78,211,16.0,38.55
2026-05-23,LinkedIn,2098.52,125,2.0,1049.26
2026-04-01,LinkedIn,462.95,352,,9.45
2026-01-04,Organic,1713.86,106,13.0,131.84
2026-05-24,Facebook,2330.65,193,22.0,105.94
2026-02-13,Facebook,-500.0,294,25.0,45.95
2026-01-17,Facebook,1795.24,451,25.0,71.81
2026-07-20,Google Ads,1508.39,272,32.0,47.14
2026-05-07,LinkedIn,2505.01,488,13.0,192.69
2026-03-19,Google Ads,3800.41,360,49.0,77.56
2026-04-08,Organic,1816.87,460,61.0,29.78
2026-08-09,LinkedIn,630.89,348,35.0,18.03
2026-06-27,Facebook,1968.14,201,31.0,63.49
2026-03-23,Organic,2966.01,522,81.0,36.62
2026-07-20,Facebook,1370.96,307,41.0,33.44
2026-04-11,Organic,544.16,597,24.0,22.67
2026-05-20,Facebook,2758.68,583,8.0,344.83
2026-07-06,Referral,3777.6,234,18.0,209.87
2026-03-16,Google Ads,3293.97,438,49.0,67.22
2026-02-05,Organic,1043.88,177,21.0,49.71
2026-07-22,Referral,388.46,510,50.0,7.77
2026-05-17,LinkedIn,3701.63,448,41.0,90.28
2026-07-22,Organic,2836.37,569,56.0,50.65
2026-08-23,Google Ads,526.54,274,30.0,17.55
2026-04-01,Facebook,2623.3,65,6.0,437.22
2026-06-15,Referral,3870.56,359,56.0,69.12
2026-06-15,Referral,3870.56,359,56.0,69.12
2026-07-11,LinkedIn,2276.17,246,19.0,119.8
2026-04-11,Referral,3112.13,532,17.0,183.07
2026-01-07,Referral,507.74,445,66.0,7.69
2026-01-22,Google Ads,3342.14,165,10.0,334.21
2026-03-29,Referral,3158.65,553,46.0,68.67
2026-05-02,Google Ads,1808.85,483,28.0,64.6
2026-03-18,Google Ads,3259.73,137,2.0,1629.87
2026-03-29,Google Ads,2740.84,188,28.0,97.89
2026-07-09,Facebook,2112.38,585,20.0,105.62
2026-05-24,Referral,3838.0,257,33.0,116.3
2026-06-11,Facebook,826.91,462,32.0,25.84
2026-07-08,LinkedIn,3544.08,480,47.0,75.41
2026-04-10,Google Ads,2848.47,230,12.0,237.37
2026-06-30,Google Ads,2351.66,569,22.0,106.89
2026-03-25,Facebook,1884.45,288,32.0,58.89
2026-05-06,LinkedIn,3867.07,340,34.0,113.74
2026-06-06,Referral,2389.32,376,24.0,99.56
2026-04-28,LinkedIn,772.86,324,48.0,16.1
2026-06-01,Google Ads,2721.23,340,9.0,302.36
2026-03-20,Google Ads,813.87,164,14.0,58.13
2026-04-18,LinkedIn,637.68,412,30.0,21.26
2026-05-05,LinkedIn,2804.39,197,18.0,155.8
2026-05-06,Organic,647.16,342,47.0,13.77
2026-06-08,Google Ads,3475.54,29,2.0,1737.77
2026-02-19,Referral,3858.93,537,58.0,66.53
2026-04-15,Referral,1720.96,474,39.0,44.13
2026-01-22,LinkedIn,220.36,245,13.0,16.95
2026-03-12,Facebook,2196.67,192,24.0,91.53
2026-05-25,Referral,2243.93,135,13.0,172.61
2026-03-10,LinkedIn,3310.8,395,36.0,91.97
2026-07-13,Google Ads,3064.02,471,43.0,71.26
2026-04-19,Google Ads,2970.36,273,15.0,198.02
2026-01-09,Referral,1124.98,109,8.0,140.62
2026-01-31,Facebook,918.52,379,53.0,17.33
2026-06-06,Referral,747.33,162,21.0,35.59
2026-07-28,Facebook,3241.22,379,34.0,95.33
2026-06-02,LinkedIn,756.67,319,17.0,44.51
2026-03-10,LinkedIn,3943.4,117,4.0,985.85
2026-07-12,Referral,3683.2,303,42.0,87.7
2026-02-02,Facebook,1073.74,349,47.0,22.85
2026-07-14,Referral,2008.89,295,31.0,64.8
2026-04-07,Referral,394.51,115,8.0,49.31
2026-07-11,Organic,2809.34,397,31.0,90.62
2026-05-05,Organic,2369.63,115,14.0,169.26
2026-04-28,Organic,3415.41,567,39.0,87.57
2026-04-20,Facebook,2029.39,350,47.0,43.18
2026-03-28,LinkedIn,2353.94,599,83.0,28.36
2026-07-21,Organic,3587.2,69,1.0,3587.2
2026-06-10,Referral,163.5,181,14.0,11.68
2026-01-01,Referral,889.04,155,22.0,40.41
2026-03-19,Facebook,3510.25,300,7.0,501.46
2026-04-03,Organic,421.44,189,3.0,140.48
2026-06-10,Organic,2931.35,259,19.0,154.28
2026-01-24,Google Ads,104.24,508,11.0,9.48
2026-06-01,Facebook,2125.83,475,5.0,425.17
2026-06-28,Organic,3286.73,452,52.0,63.21
2026-05-03,Google Ads,992.89,111,13.0,76.38
2026-01-27,Google Ads,1322.07,326,10.0,132.21
2026-07-18,Facebook,2602.15,166,3.0,867.38
2026-05-25,Google Ads,2480.25,188,14.0,177.16
2026-07-04,Facebook,2549.51,175,26.0,98.06
2026-06-07,Referral,3453.85,108,16.0,215.87
2026-02-05,Google Ads,2399.34,413,26.0,92.28
2026-04-20,Organic,3185.2,273,14.0,227.51
2026-01-22,Facebook,2258.25,311,39.0,57.9
2026-06-26,Google Ads,3406.78,328,13.0,262.06
2026-06-05,LinkedIn,835.72,421,23.0,36.34
2026-01-14,Facebook,2030.06,135,6.0,338.34
2026-06-13,LinkedIn,376.95,32,5.0,75.39
2026-08-28,Organic,614.73,450,29.0,21.2
2026-06-24,Facebook,3074.63,94,1.0,3074.63
2026-01-18,Google Ads,1122.52,60,9.0,124.72
2026-07-22,Referral,2075.78,533,67.0,30.98
2026-04-19,Referral,421.47,569,52.0,8.11
2026-02-09,Organic,426.03,100,9.0,47.34
2026-02-22,Facebook,2191.92,420,41.0,53.46
2026-07-15,Google Ads,1309.66,467,56.0,23.39
2026-08-05,Facebook,325.83,108,16.0,20.36
2026-01-30,Referral,2487.96,76,4.0,621.99
2026-07-09,Facebook,565.83,160,18.0,31.44
2026-02-11,Referral,3816.76,555,49.0,77.89
2026-07-30,Organic,751.16,149,18.0,41.73
2026-08-12,Organic,2958.45,140,18.0,164.36
2026-01-08,Organic,3247.72,298,26.0,124.91
2026-03-09,LinkedIn,2547.38,528,41.0,62.13
2026-04-03,Google Ads,2048.48,600,21.0,97.55
2026-02-10,Organic,3115.98,138,6.0,519.33
2026-05-11,Google Ads,271.75,32,1.0,271.75
2026-05-01,Organic,1593.62,173,6.0,265.6
2026-08-08,Google Ads,2256.17,449,20.0,112.81
2026-03-05,Referral,3671.83,347,18.0,203.99
2026-01-20,LinkedIn,1553.95,534,59.0,26.34
2026-01-14,Facebook,970.42,548,86.0,11.28
2026-04-13,Google Ads,3520.27,309,39.0,90.26
2026-03-21,Organic,436.9,487,5.0,87.38
2026-02-21,Organic,2298.85,331,40.0,57.47
2026-03-04,Referral,1536.27,525,84.0,18.29
2026-07-18,Facebook,2956.61,579,72.0,41.06
2026-03-04,Facebook,124.87,439,6.0,20.81
2026-05-19,Organic,2580.17,29,4.0,645.04
2026-01-01,Referral,3411.12,334,9.0,379.01
2026-05-16,Facebook,1737.28,81,13.0,133.64
2026-02-06,Organic,462.8,257,37.0,12.51
2026-05-14,Referral,2833.3,401,32.0,88.54
2026-07-11,Google Ads,2365.01,537,16.0,147.81
2026-07-29,Referral,391.84,83,6.0,65.31
2026-02-03,Facebook,1237.54,342,51.0,24.27
2026-04-11,Organic,1340.43,298,13.0,103.11
2026-02-21,Facebook,3141.75,131,4.0,785.44
2026-02-12,Referral,1917.61,436,12.0,159.8
2026-04-02,Facebook,1862.48,494,25.0,74.5
2026-01-31,Google Ads,714.7,331,44.0,16.24
2026-06-28,LinkedIn,257.29,355,11.0,23.39
2026-07-02,Facebook,3876.76,425,37.0,104.78
2026-06-23,Organic,1114.65,198,3.0,371.55
2026-04-14,Referral,2268.22,583,28.0,81.01
2026-04-29,Google Ads,3235.2,163,5.0,647.04
2026-01-16,Facebook,609.79,430,28.0,21.78
2026-06-11,Google Ads,2371.06,285,42.0,56.45
2026-01-20,Google Ads,3988.93,222,32.0,124.65
2026-04-24,Facebook,458.72,359,10.0,45.87
2026-04-29,Google Ads,755.16,463,62.0,12.18
2026-04-12,Referral,214.98,456,16.0,13.44
2026-02-24,Facebook,1172.43,476,68.0,17.24
2026-01-09,LinkedIn,2514.79,271,29.0,86.72
2026-05-08,Referral,3542.84,510,10.0,354.28
2026-03-13,Referral,635.22,224,24.0,26.47
2026-07-24,LinkedIn,1071.68,576,74.0,14.48
2026-04-08,Organic,1970.77,516,32.0,61.59
2026-05-25,LinkedIn,1354.26,296,11.0,123.11
2026-03-23,LinkedIn,954.18,307,6.0,159.03
2026-05-01,LinkedIn,1493.99,258,40.0,37.35
2026-01-26,Facebook,2661.77,292,26.0,102.38
2026-07-22,Google Ads,3079.79,244,24.0,128.32
2026-07-24,Referral,1483.74,197,7.0,211.96
2026-06-01,Organic,3244.22,387,57.0,56.92
2026-01-08,Organic,3795.48,597,19.0,199.76
2026-02-18,Referral,2214.29,199,17.0,130.25
2026-01-24,Google Ads,1007.23,244,3.0,335.74
2026-05-03,Google Ads,1393.76,226,30.0,46.46
2026-03-29,Facebook,3683.25,351,7.0,526.18
2026-02-07,LinkedIn,2848.32,165,21.0,135.63
2026-08-05,LinkedIn,3456.61,94,6.0,576.1
2026-06-19,Referral,2385.46,364,20.0,119.27
2026-02-04,Facebook,2956.17,467,60.0,49.27
2026-05-05,Organic,779.39,595,68.0,11.46
2026-08-26,LinkedIn,3169.27,248,27.0,117.38
2026-07-28,Facebook,1575.7,321,9.0,175.08
2026-07-06,Google Ads,3800.27,420,58.0,65.52
2026-07-17,LinkedIn,226.29,345,51.0,4.44
2026-06-06,Facebook,2594.62,126,19.0,136.56
2026-02-06,Organic,3006.84,263,16.0,187.93
2026-03-23,Facebook,2581.13,110,15.0,172.08
2026-06-21,Organic,1841.86,291,12.0,153.49
2026-06-27,Google Ads,1466.88,130,15.0,97.79
2026-01-13,Referral,1809.06,449,70.0,25.84
2026-08-15,Referral,2023.02,407,26.0,77.81
2026-04-07,Google Ads,3332.35,250,9.0,370.26
2026-01-19,Google Ads,1250.14,346,17.0,73.54
2026-01-27,Google Ads,1433.05,404,14.0,102.36
2026-01-20,LinkedIn,3773.15,115,7.0,539.02
2026-06-07,Referral,2847.57,461,70.0,40.68
2026-02-12,LinkedIn,3570.04,180,3.0,1190.01
2026-03-26,Facebook,3900.15,439,50.0,78.0
2026-07-04,LinkedIn,1134.53,308,17.0,66.74
2026-01-25,Google Ads,1632.32,582,79.0,20.66
2026-02-09,Google Ads,1507.23,457,11.0,137.02
2026-07-30,LinkedIn,1973.28,119,2.0,986.64
2026-02-13,Organic,3910.53,504,69.0,56.67
2026-03-20,Referral,1936.68,291,7.0,276.67
2026-05-20,Referral,821.04,410,27.0,30.41
2026-04-25,Google Ads,1126.85,496,25.0,45.07
2026-08-03,Organic,2300.56,174,21.0,109.55
2026-06-20,Google Ads,434.26,372,49.0,8.86
2026-04-16,LinkedIn,987.3,82,11.0,89.75
2026-07-29,LinkedIn,1732.67,568,64.0,27.07
2026-08-28,Referral,2333.59,261,21.0,111.12
2026-01-21,Referral,3620.83,55,5.0,724.17
2026-08-19,LinkedIn,3221.76,170,5.0,644.35
2026-07-13,Referral,774.23,191,30.0,25.81
2026-07-26,Facebook,592.13,453,10.0,59.21
2026-06-24,Referral,887.49,171,23.0,38.59
2026-03-08,Organic,3652.14,88,2.0,1826.07
2026-05-23,Referral,2253.01,302,27.0,83.44
2026-08-23,Google Ads,3167.55,555,71.0,44.61
2026-01-29,Referral,683.61,600,59.0,11.59
