order_id,order_date,product,category,region,customer,quantity,sales,cost,profit
1,2026-06-13,Laptop,Electronics,South,Acme,1,721.2,444.35,276.85
2,2026-06-23,Webcam,Electronics,North,Nova,2,147.93,82.63,65.3
3,2026-03-01,Headphones,Accessories,West,Nova,1,88.95,66.12,22.83
4,2026-04-25,Headphones,Accessories,South,Orion,5,481.65,265.75,215.9
5,2026-03-29,Keyboard,Accessories,North,,3,124.92,94.46,30.46
6,2026-04-08,Laptop,Electronics,North,Orion,6,4471.83,3188.44,1283.39
7,2026-05-18,Laptop,Electronics,East,Atlas,7,3992.99,2512.22,1480.77
8,2026-02-19,Webcam,Electronics,East,Acme,2,"1,250",74.15,47.1
9,2026-08-07,Mouse,Accessories,East,Nova,2,49.15,33.05,16.1
10,2026-04-05,Keyboard,Accessories,North,Atlas,4,195.22,144.36,50.86
11,2026-06-12,Mouse,Accessories,South,Zenith,4,90.72,59.19,31.53
12,2026-08-04,Tablet,Electronics,East,Orion,1,362.77,202.67,160.1
13,2026-03-10,Laptop,Electronics, west ,Nova,4,3040.95,2138.21,902.74
14,2026-06-17,Monitor,Electronics,South,Zenith,7,1785.84,1292.18,493.66
15,2026-02-05,Mouse,Accessories,West,Zenith,5,138.93,92.48,46.45
16,2026-02-26,Mouse,Accessories,North,Nova,8,176.36,99.24,77.12
17,2026-06-10,Mouse,Accessories,West,Atlas,7,185.28,121.15,64.13
18,2026-03-06,Headphones,Accessories,East,Zenith,1,92.49,53.73,38.76
19,2026-01-29,Keyboard,Accessories,East,Atlas,7,285.19,157.1,128.09
20,2026-07-15,Mouse,Accessories,South,Nova,2,57.73,36.4,21.33
21,2026-04-06,Tablet,Electronics,North,Atlas,3,1215.38,923.97,291.41
22,2026-03-24,Monitor,Electronics,East,Nova,1,195.61,126.76,68.85
23,2026-01-15,Mouse,Accessories,North,Atlas,2,44.0,29.97,14.03
24,2026-07-16,Mouse,Accessories,South,Zenith,3,81.07,65.31,15.76
25,2026-05-16,Tablet,Electronics,South,Zenith,7,3241.95,2596.18,645.77
26,2026-04-13,Webcam,Electronics,North,Nova,6,421.4,290.66,130.74
27,2026-02-27,Laptop,Electronics,South,Acme,6,3343.71,2339.12,1004.59
28,2026-01-19,Webcam,Electronics,East,Acme,1,65.11,51.73,13.38
29,2026-05-12,Mouse,Accessories,South,Atlas,5,135.52,82.38,53.14
30,2026-05-28,Monitor,Electronics,South,Acme,4,989.66,760.08,229.58
31,2026-01-25,Webcam,Electronics,North,Acme,7,477.26,315.47,161.79
32,2026-01-16,Monitor,Electronics,South,Nova,6,1491.87,864.54,627.33
33,2026-05-18,Monitor,Electronics,South,Acme,3,658.45,411.67,246.78
34,2026-04-24,Tablet,Electronics,North,Acme,2,676.81,554.85,121.96
35,2026-08-26,Tablet,Electronics,South,Orion,4,1416.81,965.02,451.79
36,2026-08-20,Laptop,Electronics,East,Orion,3,1916.15,1563.64,352.51
37,2026-03-15,Monitor,Electronics,North,Atlas,8,1591.35,1002.73,588.62
38,2026-07-08,Headphones,Accessories,West,Atlas,1,94.5,53.43,41.07
39,2026-08-24,Tablet,Electronics,South,Acme,3,1017.79,699.34,318.45
40,2026-06-02,Laptop,Electronics,South,Atlas,4,2577.44,2072.86,504.58
41,2026-06-02,Laptop,Electronics,East,Zenith,2,1295.75,916.86,378.89
42,2026-02-22,Webcam,Electronics,East,Orion,6,392.09,257.55,134.54
43,2026-03-22,Tablet,Electronics,North,Acme,2,665.54,477.67,187.87
44,2026-05-18,Mouse,Accessories,North,Nova,5,112.04,72.18,39.86
45,2026-04-05,Keyboard,Accessories,East,Atlas,3,135.45,94.36,41.09
46,2026-07-26,Webcam,Electronics,North,Nova,1,75.86,53.08,22.78
47,2026-03-09,Laptop,Electronics,East,Atlas,2,1442.8,854.1,588.7
48,2026-02-23,Webcam,Electronics,East,Atlas,6,386.93,279.07,107.86
49,2026-05-06,Keyboard,Accessories,East,Acme,1,39.7,26.38,13.32
50,2026-01-01,Keyboard,Accessories,West,Atlas,3,144.85,89.91,54.94
51,2026-06-30,Monitor,Electronics,South,Atlas,1,195.61,157.5,38.11
52,2026-01-10,Tablet,Electronics,South,Acme,6,2466.08,1454.95,1011.13
53,2026-03-20,Keyboard,Accessories,South,Acme,1,52.41,31.8,20.61
54,2026-04-01,Tablet,Electronics,South,Nova,7,3251.0,2445.92,805.08
55,2026-07-24,Tablet,Electronics,East,Orion,3,1355.44,754.56,600.88
56,2026-07-25,Webcam,Electronics,North,Orion,4,264.15,201.44,62.71
57,2026-08-12,Laptop,Electronics,West,Zenith,8,4824.83,3717.43,1107.4
58,2026-03-20,Tablet,Electronics,West,Zenith,4,1447.72,1054.24,393.48
59,2026-03-13,Tablet,Electronics,West,Atlas,2,926.96,579.69,347.27
60,2026-03-26,Laptop,Electronics,East,Acme,2,1504.05,933.31,570.74
61,2026-01-28,Headphones,Accessories,West,Atlas,7,577.74,440.43,137.31
62,2026-05-11,Laptop,Electronics,North,Orion,7,5299.96,3186.98,2112.98
63,2026-01-01,Headphones,Accessories,East,Atlas,4,332.34,189.07,143.27
64,2026-03-22,Webcam,Electronics,East,Orion,2,154.27,97.36,56.91
65,2026-03-25,Monitor,Electronics,West,Nova,5,1148.45,691.13,457.32
66,2026-06-07,Headphones,Accessories,East,Zenith,5,421.65,326.82,94.83
67,2026-02-23,Monitor,Electronics,South,Atlas,6,1336.82,894.84,441.98
68,2026-05-02,Tablet,Electronics,East,Acme,3,1264.3,792.24,472.06
69,2026-07-29,Tablet,Electronics,South,Nova,4,1693.35,1034.05,659.3
70,2026-01-07,Laptop,Electronics,North,Orion,4,3105.38,2220.48,884.9
71,2026-04-17,Webcam,Electronics,West,Nova,4,308.4,201.59,106.81
72,2026-02-07,Webcam,Electronics,North,Orion,1,81.37,63.66,17.71
73,2026-02-26,Mouse,Accessories,North,Orion,8,173.52,107.11,66.41
74,2026-02-04,Tablet,Electronics,East,Orion,8,3380.99,2761.36,619.63
75,2026-06-06,Tablet,Electronics,South,Orion,7,3114.11,2173.42,940.69
76,2026-04-26,Keyboard,Accessories,West,Nova,4,205.91,128.67,77.24
77,2026-03-12,Monitor,Electronics,East,Zenith,2,483.89,296.78,187.11
78,2026-08-17,Headphones,Accessories,South,Nova,2,152.73,93.54,59.19
79,2026-01-17,Monitor,Electronics,North,Nova,7,1487.35,1005.15,482.2
80,2026-08-02,Monitor,Electronics,North,Atlas,7,1796.71,1271.53,525.18
81,2026-04-08,Monitor,Electronics,West,Orion,1,259.59,163.7,95.89
82,2026-05-18,Webcam,Electronics,West,Acme,4,285.85,178.28,107.57
83,2026-04-10,Keyboard,Accessories,South,Atlas,7,347.59,270.06,77.53
84,2026-05-17,Laptop,Electronics,North,Orion,7,4810.09,3506.6,1303.49
85,2026-02-04,Tablet,Electronics,East,Nova,8,2850.45,1767.97,1082.48
86,2026-04-27,Keyboard,Accessories,West,Zenith,6,301.44,196.65,104.79
87,2026-08-02,Laptop,Electronics,East,Nova,8,4455.28,3099.28,1356.0
88,2026-06-16,Laptop,Electronics,South,Acme,1,724.09,583.9,140.19
89,2026-06-09,Mouse,Accessories,South,Orion,4,89.42,65.34,24.08
90,2026-06-29,Keyboard,Accessories,North,Nova,6,245.36,175.18,70.18
91,2026-03-21,Laptop,Electronics,West,Orion,1,763.82,538.85,224.97
92,2026-07-03,Mouse,Accessories,South,Acme,2,52.86,40.93,11.93
93,2026-06-28,Tablet,Electronics,North,Atlas,5,2237.83,1593.58,644.25
94,2026-07-20,Laptop,Electronics,North,Atlas,6,4042.2,2945.19,1097.01
95,2026-06-15,Keyboard,Accessories,North,Orion,1,51.63,39.86,11.77
96,2026-04-03,Webcam,Electronics,East,Atlas,8,614.63,410.32,204.31
97,2026-07-26,Headphones,Accessories,East,Zenith,8,688.64,532.28,156.36
98,2026-08-07,Mouse,Accessories,West,Atlas,2,47.38,31.83,15.55
99,2026-06-06,Webcam,Electronics,East,Nova,7,474.19,324.09,150.1
100,2026-05-05,Mouse,Accessories,East,Atlas,6,169.39,108.73,60.66
101,2026-01-03,Headphones,Accessories,West,Atlas,4,299.19,222.72,76.47
102,2026-07-14,Mouse,Accessories,North,Acme,8,215.21,146.89,68.32
103,2026-03-17,Mouse,Accessories,East,Orion,7,191.12,120.92,70.2
104,2026-05-22,Headphones,Accessories,East,Zenith,6,509.45,382.8,126.65
105,2026-06-29,Monitor,Electronics,South,Zenith,5,1053.05,644.72,408.33
106,2026-01-31,Webcam,Electronics,East,Atlas,3,192.58,144.32,48.26
107,2026-07-14,Headphones,Accessories,East,Nova,5,507.1,392.91,114.19
108,2026-04-03,Mouse,Accessories,East,Acme,5,106.87,74.19,32.68
109,2026-01-14,Headphones,Accessories,West,Acme,5,464.99,271.6,193.39
110,2026-08-12,Laptop,Electronics,South,Acme,5,3296.44,2205.08,1091.36
111,2026-03-06,Tablet,Electronics,West,Acme,8,2776.58,1576.11,1200.47
112,2026-05-28,Webcam,Electronics,East,Acme,1,63.22,48.62,14.6
113,2026-03-05,Laptop,Electronics,South,Atlas,7,4833.06,3690.04,1143.02
114,2026-04-08,Monitor,Electronics,West,Zenith,8,1679.17,1190.37,488.8
115,2026-05-26,Headphones,Accessories,South,Nova,1,90.39,67.78,22.61
116,2026-03-09,Webcam,Electronics,North,Nova,2,126.7,75.63,51.07
117,2026-01-01,Monitor,Electronics,North,Nova,8,1920.65,1300.04,620.61
118,2026-03-15,Webcam,Electronics,South,Zenith,5,383.62,258.02,125.6
119,2026-07-21,Tablet,Electronics,South,Zenith,4,1558.13,1086.07,472.06
120,2026-07-31,Mouse,Accessories,East,Orion,2,43.54,33.26,10.28
121,2026-02-01,Monitor,Electronics,West,Orion,5,1204.4,968.97,235.43
122,2026-01-21,Headphones,Accessories,East,Acme,1,98.71,73.87,24.84
123,2026-01-24,Mouse,Accessories,East,Atlas,1,30.0,21.95,8.05
124,2026-01-11,Tablet,Electronics,East,Nova,3,1187.17,861.78,325.39
125,2026-05-30,Monitor,Electronics,West,Zenith,8,2092.94,1416.72,676.22
126,2026-03-24,Webcam,Electronics,West,Zenith,2,161.03,102.91,58.12
127,2026-06-19,Monitor,Electronics,East,Acme,1,222.02,140.96,81.06
128,2026-07-17,Monitor,Electronics,West,Acme,1,237.64,165.52,72.12
129,2026-02-18,Headphones,Accessories,West,Acme,6,544.64,372.86,171.78
130,2026-02-22,Keyboard,Accessories,West,Acme,3,158.58,105.98,52.6
131,2026-01-08,Webcam,Electronics,North,Atlas,4,307.56,194.96,112.6
132,2026-04-15,Laptop,Electronics,West,Acme,4,3112.95,2479.44,633.51
133,2026-06-15,Tablet,Electronics,East,Orion,3,1198.58,891.12,307.46
134,2026-08-02,Monitor,Electronics,West,Nova,8,1646.14,1150.39,495.75
135,2026-08-24,Headphones,Accessories,West,Zenith,3,293.86,183.54,110.32
136,2026-08-28,Tablet,Electronics,East,Atlas,5,2217.53,1388.99,828.54
137,2026-05-29,Webcam,Electronics,West,Zenith,8,645.59,432.91,212.68
138,2026-03-27,Headphones,Accessories,South,Nova,7,600.58,382.5,218.08
139,2026-05-27,Monitor,Electronics,East,Orion,4,1011.65,668.61,343.04
140,2026-06-30,Tablet,Electronics,South,Orion,7,2689.4,1961.1,728.3
141,2026-01-10,Mouse,Accessories,West,Acme,6,173.16,136.11,37.05
142,2026-05-15,Monitor,Electronics,South,Acme,1,242.63,160.3,82.33
143,2026-05-01,Tablet,Electronics,North,Zenith,5,1888.57,1391.93,496.64
144,2026-08-07,Webcam,Electronics,West,Atlas,7,580.13,417.25,162.88
145,2026-01-10,Headphones,Accessories,East,Nova,2,158.47,116.44,42.03
146,2026-07-11,Laptop,Electronics,North,Orion,7,5425.5,4097.88,1327.62
147,2026-02-12,Webcam,Electronics,North,Zenith,5,408.17,229.56,178.61
148,2026-04-02,Keyboard,Accessories,South,Nova,7,283.8,196.79,87.01
149,2026-02-14,Laptop,Electronics,South,Nova,7,4854.39,2985.57,1868.82
150,2026-04-29,Webcam,Electronics,West,Zenith,5,353.8,258.29,95.51
151,2026-06-23,Headphones,Accessories,East,Orion,3,223.34,179.84,43.5
152,2026-06-26,Keyboard,Accessories,West,Orion,8,412.51,249.07,163.44
153,2026-01-28,Mouse,Accessories,East,Acme,7,183.78,129.6,54.18
154,2026-08-01,Webcam,Electronics,North,Atlas,7,463.57,325.8,137.77
155,2026-07-10,Monitor,Electronics,East,Nova,5,1233.66,755.16,478.5
156,2026-06-12,Mouse,Accessories,South,Acme,5,135.9,101.2,34.7
157,2026-08-20,Webcam,Electronics,East,Nova,1,67.07,44.87,22.2
158,2026-01-24,Keyboard,Accessories,South,Atlas,6,300.14,179.31,120.83
159,2026-08-13,Keyboard,Accessories,West,Zenith,5,256.65,158.96,97.69
160,2026-07-11,Tablet,Electronics,North,Nova,6,2647.67,1791.01,856.66
161,2026-07-13,Mouse,Accessories,East,Acme,7,208.0,159.59,48.41
162,2026-07-22,Monitor,Electronics,East,Zenith,1,207.36,120.97,86.39
163,2026-05-30,Monitor,Electronics,North,Atlas,6,1172.06,718.63,453.43
164,2026-08-15,Headphones,Accessories,North,Orion,6,596.87,363.95,232.92
165,2026-08-21,Webcam,Electronics,North,Acme,5,377.03,219.24,157.79
166,2026-03-19,Monitor,Electronics,South,Orion,2,388.97,307.12,81.85
167,2026-04-27,Keyboard,Accessories,West,Acme,7,332.5,248.11,84.39
168,2026-08-02,Monitor,Electronics,East,Nova,7,1815.15,1135.43,679.72
169,2026-04-24,Monitor,Electronics,East,Atlas,4,1011.48,583.45,428.03
170,2026-08-19,Webcam,Electronics,North,Orion,6,365.9,228.5,137.4
171,2026-01-24,Webcam,Electronics,North,Acme,4,300.89,214.0,86.89
172,2026-07-21,Keyboard,Accessories,South,Acme,4,215.3,164.16,51.14
173,2026-08-01,Tablet,Electronics,South,Zenith,4,1646.17,1266.77,379.4
174,2026-07-18,Mouse,Accessories,South,Atlas,1,23.68,19.32,4.36
175,2026-03-06,Tablet,Electronics,South,Acme,3,1039.51,814.91,224.6
176,2026-04-02,Tablet,Electronics,East,Acme,4,1647.51,913.15,734.36
177,2026-02-02,Webcam,Electronics,West,Orion,7,506.72,380.71,126.01
178,2026-07-19,Keyboard,Accessories,North,Atlas,2,90.74,55.33,35.41
179,2026-03-19,Monitor,Electronics,West,Orion,1,191.68,130.21,61.47
180,2026-06-25,Laptop,Electronics,North,Zenith,8,5716.57,3828.74,1887.83
181,2026-06-05,Mouse,Accessories,East,Orion,2,44.71,32.13,12.58
182,2026-06-02,Headphones,Accessories,North,Acme,5,428.74,305.89,122.85
183,2026-08-07,Webcam,Electronics,West,Zenith,4,280.15,221.26,58.89
184,2026-07-31,Monitor,Electronics,West,Zenith,7,1533.22,882.63,650.59
185,2026-06-20,Keyboard,Accessories,West,Acme,6,319.61,235.05,84.56
186,2026-01-24,Tablet,Electronics,East,Nova,2,688.45,396.6,291.85
187,2026-05-23,Laptop,Electronics,West,Acme,6,4229.57,2795.4,1434.17
188,2026-03-15,Headphones,Accessories,South,Nova,5,413.56,291.99,121.57
189,2026-06-18,Monitor,Electronics,East,Acme,4,1008.96,650.31,358.65
190,2026-07-15,Keyboard,Accessories,North,Atlas,4,203.85,158.63,45.22
191,2026-08-26,Webcam,Electronics,East,Zenith,5,301.05,187.79,113.26
192,2026-03-31,Laptop,Electronics,West,Acme,3,2251.18,1582.37,668.81
193,2026-02-06,Webcam,Electronics,West,Orion,1,61.75,42.81,18.94
194,2026-04-27,Keyboard,Accessories,North,Acme,3,132.24,98.5,33.74
195,2026-02-09,Mouse,Accessories,West,Orion,1,27.15,16.93,10.22
196,2026-06-05,Monitor,Electronics,North,Zenith,7,1456.24,1097.76,358.48
197,2026-04-21,Laptop,Electronics,East,Acme,5,3533.97,2509.64,1024.33
198,2026-02-26,Monitor,Electronics,South,Nova,1,187.59,118.44,69.15
199,2026-07-15,Keyboard,Accessories,West,Nova,5,217.09,119.85,97.24
200,2026-02-03,Monitor,Electronics,East,Acme,4,902.08,699.12,202.96
201,2026-04-12,Tablet,Electronics,North,Zenith,1,391.04,263.61,127.43
202,2026-05-28,Monitor,Electronics,North,Orion,7,1691.42,1121.03,570.39
203,2026-01-06,Keyboard,Accessories,East,Acme,3,152.61,109.41,43.2
204,2026-04-22,Tablet,Electronics,North,Orion,2,729.43,517.16,212.27
205,2026-08-11,Keyboard,Accessories,North,Atlas,6,250.44,190.43,60.01
206,2026-06-12,Laptop,Electronics,South,Nova,4,3034.39,1955.15,1079.24
207,2026-01-27,Mouse,Accessories,North,Nova,5,114.88,81.87,33.01
208,2026-07-17,Webcam,Electronics,West,Atlas,8,566.93,398.1,168.83
209,2026-06-14,Webcam,Electronics,South,Orion,6,484.04,348.19,135.85
210,2026-01-18,Monitor,Electronics,North,Zenith,8,1884.93,1441.99,442.94
211,2026-05-10,Laptop,Electronics,East,Zenith,5,3287.73,1841.63,1446.1
212,2026-01-20,Webcam,Electronics,West,Atlas,2,149.14,102.45,46.69
213,2026-05-22,Tablet,Electronics,South,Zenith,1,392.89,302.0,90.89
214,2026-06-04,Monitor,Electronics,East,Acme,3,782.23,525.38,256.85
215,2026-05-10,Webcam,Electronics,West,Atlas,3,181.38,134.41,46.97
216,2026-05-14,Headphones,Accessories,West,Orion,3,249.23,198.85,50.38
217,2026-07-18,Keyboard,Accessories,North,Zenith,1,50.68,36.73,13.95
218,2026-01-25,Headphones,Accessories,South,Zenith,7,564.92,421.1,143.82
219,2026-01-21,Headphones,Accessories,West,Nova,3,298.57,189.22,109.35
220,2026-06-02,Webcam,Electronics,East,Nova,2,134.17,87.44,46.73
221,2026-06-21,Webcam,Electronics,East,Acme,2,150.66,100.09,50.57
222,2026-04-03,Keyboard,Accessories,West,Nova,3,159.69,102.56,57.13
223,2026-02-27,Mouse,Accessories,North,Atlas,3,65.78,51.18,14.6
224,2026-07-17,Headphones,Accessories,South,Atlas,1,91.94,72.32,19.62
225,2026-04-07,Mouse,Accessories,South,Orion,3,68.5,50.49,18.01
226,2026-01-12,Monitor,Electronics,West,Atlas,6,1434.48,880.96,553.52
227,2026-03-14,Tablet,Electronics,West,Nova,8,2907.53,1786.9,1120.63
228,2026-04-05,Webcam,Electronics,West,Atlas,8,566.49,354.67,211.82
229,2026-05-16,Monitor,Electronics,South,Zenith,3,749.7,574.53,175.17
230,2026-01-14,Webcam,Electronics,North,Atlas,8,647.33,452.95,194.38
231,2026-08-06,Laptop,Electronics,West,Atlas,5,2857.91,1695.55,1162.36
232,2026-02-07,Tablet,Electronics,West,Zenith,7,2408.13,1916.48,491.65
233,2026-08-27,Laptop,Electronics,South,Orion,7,3952.31,2709.47,1242.84
234,2026-01-21,Keyboard,Accessories,East,Nova,4,154.78,124.03,30.75
235,2026-02-05,Laptop,Electronics,South,Orion,5,3806.04,2578.83,1227.21
236,2026-04-25,Headphones,Accessories,South,Nova,1,99.2,55.07,44.13
237,2026-05-21,Webcam,Electronics,East,Acme,7,435.57,273.45,162.12
238,2026-01-13,Mouse,Accessories,North,Acme,7,187.89,134.93,52.96
239,2026-08-03,Monitor,Electronics,South,Zenith,1,235.66,166.2,69.46
240,2026-04-20,Laptop,Electronics,North,Atlas,6,3643.37,2413.64,1229.73
241,2026-04-03,Laptop,Electronics,West,Zenith,1,641.33,434.14,207.19
242,2026-03-06,Webcam,Electronics,South,Acme,1,68.25,38.78,29.47
243,2026-07-17,Headphones,Accessories,East,Nova,6,457.31,295.02,162.29
244,2026-08-01,Tablet,Electronics,South,Nova,8,3723.05,2528.71,1194.34
245,2026-01-17,Webcam,Electronics,South,Acme,8,483.25,292.09,191.16
246,2026-03-22,Keyboard,Accessories,East,Acme,7,376.8,262.49,114.31
247,2026-07-12,Webcam,Electronics,North,Zenith,4,266.04,208.25,57.79
248,2026-03-11,Laptop,Electronics,West,Orion,6,3911.44,2573.75,1337.69
249,2026-03-28,Mouse,Accessories,East,Acme,8,218.44,141.81,76.63
250,2026-07-06,Monitor,Electronics,South,Atlas,2,440.31,360.47,79.84
251,2026-03-17,Keyboard,Accessories,East,Orion,2,79.02,57.56,21.46
252,2026-06-04,Webcam,Electronics,West,Acme,7,445.08,298.14,146.94
253,2026-07-06,Tablet,Electronics,North,Acme,6,2492.56,1663.62,828.94
254,2026-06-21,Webcam,Electronics,South,Acme,7,478.81,366.91,111.9
255,2026-02-06,Tablet,Electronics,East,Zenith,8,2690.0,1528.33,1161.67
256,2026-04-09,Headphones,Accessories,East,Zenith,1,90.25,66.18,24.07
257,2026-04-24,Tablet,Electronics,West,Zenith,2,819.68,568.0,251.68
258,2026-06-16,Keyboard,Accessories,South,Orion,4,213.51,118.92,94.59
259,2026-05-13,Monitor,Electronics,West,Nova,2,414.31,256.99,157.32
260,2026-06-06,Keyboard,Accessories,North,Orion,8,331.22,194.31,136.91
21,2026-04-06,Tablet,Electronics,North,Atlas,3,1215.38,923.97,291.41
